<application>
  <component name="FileTypeManager" version="18">
    <extensionMap>
      <mapping pattern="vault-01" type="AUTO_DETECTED" />
      <mapping pattern="rterttr" type="AUTO_DETECTED" />
      <mapping pattern="application" type="AUTO_DETECTED" />
      <mapping pattern="create-server" type="AUTO_DETECTED" />
      <mapping pattern="ecr-repository-setting" type="AUTO_DETECTED" />
      <mapping pattern="main" type="AUTO_DETECTED" />
      <mapping pattern="es-s3-credentials" type="AUTO_DETECTED" />
      <mapping pattern="README" type="AUTO_DETECTED" />
      <mapping pattern="sources" type="AUTO_DETECTED" />
      <mapping pattern="fuck" type="AUTO_DETECTED" />
      <mapping pattern="secret.yaml" type="AUTO_DETECTED" />
      <mapping pattern="environment" type="AUTO_DETECTED" />
      <mapping pattern="use-lucky-dip" type="AUTO_DETECTED" />
      <mapping pattern="s3" type="AUTO_DETECTED" />
      <mapping pattern="MaintainerPermitResolver" type="AUTO_DETECTED" />
      <mapping pattern="sshd_c" type="AUTO_DETECTED" />
      <mapping pattern="ffg" type="AUTO_DETECTED" />
      <mapping pattern="consul-01" type="AUTO_DETECTED" />
      <mapping pattern="variables" type="AUTO_DETECTED" />
      <mapping pattern="get-aws-credential" type="AUTO_DETECTED" />
      <mapping pattern="hello" type="AUTO_DETECTED" />
      <mapping pattern="consul-server-policy" type="AUTO_DETECTED" />
      <mapping pattern="caconf" type="AUTO_DETECTED" />
      <mapping pattern="section-url-handler" type="AUTO_DETECTED" />
      <mapping pattern="sshd_config" type="AUTO_DETECTED" />
      <mapping pattern="outputs" type="AUTO_DETECTED" />
      <mapping pattern="IsNotEmptyArray" type="AUTO_DETECTED" />
      <mapping pattern="ewrrewwerr" type="AUTO_DETECTED" />
      <mapping pattern="argo-provider" type="AUTO_DETECTED" />
      <mapping pattern="get-private-networks" type="AUTO_DETECTED" />
      <mapping pattern="es-pvc" type="AUTO_DETECTED" />
      <mapping pattern="LICENSE" type="AUTO_DETECTED" />
      <mapping pattern="fgfg" type="AUTO_DETECTED" />
      <mapping pattern="Dockerfile2" type="AUTO_DETECTED" />
      <mapping pattern="aws_config" type="AUTO_DETECTED" />
      <mapping pattern="deployment" type="AUTO_DETECTED" />
      <mapping pattern="pg-logical-backup-user" type="AUTO_DETECTED" />
      <mapping pattern="docker-config" type="AUTO_DETECTED" />
      <mapping pattern="cloud-config" type="AUTO_DETECTED" />
      <mapping pattern="item-search" type="AUTO_DETECTED" />
      <mapping pattern="values" type="AUTO_DETECTED" />
      <mapping pattern="text" type="AUTO_DETECTED" />
      <mapping pattern="Notes" type="AUTO_DETECTED" />
      <mapping ext="pem" type="AUTO_DETECTED" />
      <mapping ext="ng" type="HTML" />
      <mapping ext="graphqlconfig" type="JSON" />
      <mapping pattern="Dockerfile-test" type="Native" />
      <mapping pattern="POSTGRES_DB" type="PLAIN_TEXT" />
      <mapping pattern="host-multiple-sites.md" type="PLAIN_TEXT" />
      <mapping pattern=".dockerignore" type="PLAIN_TEXT" />
      <mapping pattern="GRAYLOG_IP" type="PLAIN_TEXT" />
      <mapping pattern=".terraform.rc" type="PLAIN_TEXT" />
      <mapping pattern="Dockerfile.local" type="PLAIN_TEXT" />
      <mapping pattern="config" type="PLAIN_TEXT" />
      <mapping pattern=".env" type="PLAIN_TEXT" />
      <mapping pattern="aws-credentials" type="PLAIN_TEXT" />
      <mapping pattern=".prettierignore" type="PLAIN_TEXT" />
      <mapping pattern="doc" type="PLAIN_TEXT" />
      <mapping pattern="POSTGRES_PASSWORD" type="PLAIN_TEXT" />
      <mapping pattern="passphrase" type="PLAIN_TEXT" />
      <mapping pattern="AWS_BACKUP_BUCKET" type="PLAIN_TEXT" />
      <mapping pattern="APOLLO_ENGINE_API" type="PLAIN_TEXT" />
      <mapping pattern="Bluetooth" type="PLAIN_TEXT" />
      <mapping pattern="APOLLO_ENGINE_PRO_KEY" type="PLAIN_TEXT" />
      <mapping pattern="POSTGRES_USER" type="PLAIN_TEXT" />
      <mapping pattern="GRAYLOG_PORT" type="PLAIN_TEXT" />
      <mapping pattern="APOLLO_ENGINE_KEY" type="PLAIN_TEXT" />
      <mapping pattern="Dockerfile-local" type="PLAIN_TEXT" />
      <mapping ext="env" type="PLAIN_TEXT" />
      <mapping ext="bak" type="PLAIN_TEXT" />
      <mapping ext="secret" type="PLAIN_TEXT" />
      <mapping ext="tpl" type="PLAIN_TEXT" />
      <mapping ext="wasm" type="PLAIN_TEXT" />
      <mapping ext="service" type="PLAIN_TEXT" />
      <mapping ext="tfvar" type="PLAIN_TEXT" />
      <mapping ext="rst" type="PLAIN_TEXT" />
      <mapping ext="crt" type="PLAIN_TEXT" />
      <mapping ext="ovpn" type="PLAIN_TEXT" />
      <mapping ext="vmoptions" type="PLAIN_TEXT" />
      <mapping ext="yam" type="PLAIN_TEXT" />
      <mapping ext="backup" type="PLAIN_TEXT" />
      <mapping ext="cnf" type="PLAIN_TEXT" />
      <mapping ext="bzl" type="PLAIN_TEXT" />
      <mapping pattern="postgres-secret.yml" type="YAML" />
      <mapping pattern="hetzner-volume-secret" type="YAML" />
      <mapping pattern="volume-claim1" type="YAML" />
      <mapping pattern="tsconfig.e2e.json" type="tsconfig" />
      <mapping pattern="tsconfig.spec.json" type="tsconfig" />
      <mapping pattern="tsconfig.app.json" type="tsconfig" />
      <mapping pattern="tsconfig.lib.json" type="tsconfig" />
      <removed_mapping ext="bat" approved="true" type="PLAIN_TEXT" />
      <removed_mapping ext="cmd" approved="true" type="PLAIN_TEXT" />
      <removed_mapping ext="ignore" approved="true" type="IgnoreLang file" />
      <removed_mapping ext="log" approved="true" type="PLAIN_TEXT" />
      <removed_mapping ext="makefile" approved="true" type="textmate" />
      <removed_mapping ext="properties" approved="true" type="PLAIN_TEXT" />
      <removed_mapping ext="snakefile" approved="true" type="textmate" />
    </extensionMap>
  </component>
</application>